{"cameraMode":{"drawMode":0,"name":"Shaded","section":"Shading Mode"},"sceneLighting":true,"audioPlay":false,"sceneViewState":{"showFog":true,"showMaterialUpdate":true,"showSkybox":true,"showFlares":true,"showImageEffects":false,"showParticleSystems":true},"in2DMode":false,"pivot":{"x":0.7142016887664795,"y":6.696367263793945,"z":-1.5522689819335938},"rotation":{"x":0.5537233948707581,"y":-0.23230119049549104,"z":0.7803359627723694,"w":0.17587962746620179},"size":51.66181182861328,"orthographic":false}