{"cameraMode":{"drawMode":0,"name":"Shaded","section":"Shading Mode"},"sceneLighting":true,"audioPlay":false,"sceneViewState":{"showFog":true,"showMaterialUpdate":true,"showSkybox":true,"showFlares":true,"showImageEffects":false,"showParticleSystems":true},"in2DMode":false,"pivot":{"x":1.7341437339782715,"y":3.111778974533081,"z":-0.05791473388671875},"rotation":{"x":0.12146958708763123,"y":0.06130226328969002,"z":-0.004705833271145821,"w":0.9908556342124939},"size":22.0,"orthographic":false}