{"cameraMode":{"drawMode":0,"name":"Shaded","section":"Shading Mode"},"sceneLighting":false,"audioPlay":false,"sceneViewState":{"showFog":true,"showMaterialUpdate":true,"showSkybox":true,"showFlares":true,"showImageEffects":false,"showParticleSystems":true},"in2DMode":false,"pivot":{"x":-5.051365852355957,"y":8.527678489685059,"z":0.5697975158691406},"rotation":{"x":-0.014465468004345894,"y":0.040415529161691669,"z":0.0058605363592505459,"w":0.9992722272872925},"size":55.192630767822269,"orthographic":false}