{"cameraMode":{"drawMode":0,"name":"Shaded","section":"Shading Mode"},"sceneLighting":false,"audioPlay":false,"sceneViewState":{"showFog":true,"showMaterialUpdate":true,"showSkybox":true,"showFlares":true,"showImageEffects":false,"showParticleSystems":true},"in2DMode":false,"pivot":{"x":-8.978144645690918,"y":20.60373306274414,"z":8.842517852783204},"rotation":{"x":-0.026450496166944505,"y":0.08682049810886383,"z":0.00390695221722126,"w":0.9959651231765747},"size":52.08624267578125,"orthographic":false}