{"cameraMode":{"drawMode":0,"name":"Shaded","section":"Shading Mode"},"sceneLighting":true,"audioPlay":false,"sceneViewState":{"showFog":true,"showMaterialUpdate":true,"showSkybox":true,"showFlares":true,"showImageEffects":false,"showParticleSystems":true},"in2DMode":false,"pivot":{"x":1.9782276153564454,"y":-1.116673469543457,"z":17.292369842529298},"rotation":{"x":0.11873449385166168,"y":0.023388367146253587,"z":0.006628716364502907,"w":0.9928632378578186},"size":67.17037963867188,"orthographic":false}