{"cameraMode":{"drawMode":0,"name":"Shaded","section":"Shading Mode"},"sceneLighting":false,"audioPlay":false,"sceneViewState":{"showFog":true,"showMaterialUpdate":true,"showSkybox":true,"showFlares":true,"showImageEffects":false,"showParticleSystems":true},"in2DMode":false,"pivot":{"x":-0.37531566619873049,"y":5.358753204345703,"z":0.4971427917480469},"rotation":{"x":0.006349220871925354,"y":0.028499148786067964,"z":0.0012843675212934614,"w":0.9996697306632996},"size":36.296024322509769,"orthographic":false}