{"cameraMode":{"drawMode":0,"name":"Shaded","section":"Shading Mode"},"sceneLighting":false,"audioPlay":false,"sceneViewState":{"showFog":true,"showMaterialUpdate":true,"showSkybox":true,"showFlares":true,"showImageEffects":false,"showParticleSystems":true},"in2DMode":false,"pivot":{"x":8.448923110961914,"y":3.172170639038086,"z":5.279277801513672},"rotation":{"x":0.0951852947473526,"y":0.21097765862941743,"z":-0.014890050515532494,"w":0.9729531407356262},"size":62.58292007446289,"orthographic":false}