{"cameraMode":{"drawMode":0,"name":"Shaded","section":"Shading Mode"},"sceneLighting":false,"audioPlay":false,"sceneViewState":{"showFog":true,"showMaterialUpdate":true,"showSkybox":true,"showFlares":true,"showImageEffects":false,"showParticleSystems":true},"in2DMode":false,"pivot":{"x":3.016542434692383,"y":6.635235786437988,"z":2.162158966064453},"rotation":{"x":0.006416887044906616,"y":0.9901064038276672,"z":-0.13625317811965943,"w":0.035757869482040408},"size":62.155059814453128,"orthographic":false}