{"cameraMode":{"drawMode":0,"name":"Shaded","section":"Shading Mode"},"sceneLighting":false,"audioPlay":false,"sceneViewState":{"showFog":true,"showMaterialUpdate":true,"showSkybox":true,"showFlares":true,"showImageEffects":false,"showParticleSystems":true},"in2DMode":false,"pivot":{"x":-0.5590460300445557,"y":1.202358603477478,"z":0.0489882230758667},"rotation":{"x":-0.014678237959742546,"y":0.954456090927124,"z":-0.05385206267237663,"w":-0.29347139596939089},"size":5.304194927215576,"orthographic":false}